index,txid,wtxid,segwit,size,stripped_size,weight,vsize
0,f971cd1277ebae95b3d5f62c3c9c7ef8fc7a8a409635494b4de0be2b4858cfe7,5ee3d5c281da51af4c8e3ab4744fbc45404992417daee0cb966b4e2a034babe2,True,261,225,936,234
1,61ef99b7de68b9d79ee6c074e6b425e8b23070bc4ea425deefa264c2a9ef5b44,b4f81422044bb84f5792eaa731b7eac283c0ca7a0a7cec382bea95b02b3e85c7,True,266,132,662,166
2,be41d4a1c1c76a55e8073d59c51fc17a710926d41b7996784cb3e728ab41488d,69da21a17e9ab7d18df5f42a0d43e8b1d71bcbb20d8da98f0c06a7c155f007fb,True,480,82,726,182
3,af422849fadeea84765247db206eb449b6f0dd52ed511c39deeb0a5d05ab6490,1055ed767f97ff0eacf6623434d3f400ce67c9fb9d29bf6e0a0c0a17884913d4,True,480,82,726,182
4,b339e65b691c1266ae64c468717e951f000e5c420c4e3e2de5fdaf59567b5226,dc740871b70d4878fc4e8f263cb542d532caf3119b98b32323b5192cbdf7ac1f,True,449,340,1469,368
5,09a792f269eee82aef9f98a07c001d0a64741bd3a835acdcf70f395e8a8f7981,09a792f269eee82aef9f98a07c001d0a64741bd3a835acdcf70f395e8a8f7981,False,142,142,568,142
6,ce493a7d0fa4eb79b9dcc771f70ad9b07c4e2cc86508753016528bfbfd5e8bc3,516be14c8ef98bcab419d53e42a585d5b3acf5fb42c175093078ece061a2d9e0,True,193,125,568,142
7,0fbb138e4df8a76edaed401545fe0c237d886acf5c23a1f4dcb6cbfe723eebfb,0590358d6bbbc8654d3a3a75a9b6e4fb3e5e813c57919381e1e29ff8eb19b4c3,True,193,125,568,142
8,54fb586271099e9658241c32be6b047871f1e8b59243cd08be83a1977ff80cf3,2a1ba8ca2c542980c879d415cbfe38a2723a9a83c7482eb033fde068ee8d082c,True,35991,14482,79437,19860
9,d344b7135f023d60d57cbd33290cedac4d005051602e90c332acbe4e1cca87d7,1c937c7d1eed9815d075daccbe24c52a0ca8a04fafb38daee91da2d5270977ca,True,20776,8362,45862,11466
10,ac05ae268d8e36dacaae5ba7ddd2186449977e8bb22e5a16ac952dc4faea5da5,fe97e307f29377f7414f7a0bc6bad6e5da0aebcc8c36d75145b3ae63cec2d33b,True,392,176,920,230
11,c38be617c8d25fe37c0a03013d1cd1e8168d8e7a2a8adea0cb03d5665c2b33e6,1b022275c8c2c4af3b39a57e63e36fe825578287e2f8010d7907ea17f542d6b9,True,962,318,1916,479
12,3ed2d442a4685d089a68d6ddbf8d7dcaf0e5582c0bca48a674b5ef1f580f5c8a,7c18e0fbf86bdbfeb63a97c68cde67c1aef6d3243ed5adc2cd4c7d98c9c35289,True,728,298,1622,406
13,d083bf3e9d9eb467f9b1577b5d4b85174cce9d94f4c33f6d872d39e5d08c0689,7742b336d2d4825c2e5c5e68828c6eccd08a295504cc503c361232a7af569e97,True,235,125,610,153
14,4d473682f1e6b5ae40260bced7adb7338404ce25a0aa4c92e7eb1d9a5ea7ddff,f004950116314fcd717b627cd662cf674d8dfebae142c80c19bd6b4bb2ff1d91,True,470,361,1553,389
15,a5f29c096ab316cf4600f27e142f6eb4371a41f4e1887e3092f4fd2d94cad46e,d6971c5c5b09b96ca8731d3250d8b7e61a253bebbfb4995fa58bd136fe852616,True,191,123,560,140
16,d1fa4eae32baa05962ce654a3bcba3f4a8535351aa04ba4b39d2e8e71c9321fb,07da68f1067ede7a70362128d6c4651eafaaaaeddaa31bec8e61611de34a3ec8,True,190,122,556,139
17,58116d03fc81db45012bb31a6e946e0323951d59afdf3683936a1b38d3ce618b,c263561a2d29fdbb299b699bc0a8bbee7c4ece41182b4ad74003cc43a72578bc,True,190,122,556,139
18,e1b0bf888f0289cd47a4ab3764387344f73fa4e645ae97dcd9e474911dbad149,32e1dc273d95a539ea10e3b05f8b4474131fed3c4bfb8b5f7883519662026e91,True,190,122,556,139
19,afadf2ef9d75f852c063a937e7cce1a0228cddd88d2b2418dd4111a6c3abdfeb,6939c03288f80ccc8a57fb39c6f28f9a1291aed830959fad8e2c1ceacb1955c1,True,190,122,556,139
20,f7b51df6d77dbc7b6f2164c0610365a2b75a47c4285a38053b7eda715b017214,ce61d653fa2cbe915ed966e6c02014c35055bf3726ab237ae7c2ec441a5880ed,True,190,122,556,139
21,66b0f199f31c06afbb45d98a9a7d844d5d1ce00769cc103c7093c1ea3cc24b18,0a5f8aefd8ac8c6a1f62bb5bf23351097a9b9b5a0366595aa52f0cd2d3e24d09,True,190,122,556,139
22,37940488a1286d11a156bb7bc3a6fe6a0beea7236073fd72db0cfcb695278cf4,fc8fd1073bc3bd9a85352ea90c50221c18822bd960a2209717b1bc0c4910ed75,True,190,122,556,139
23,15199c2d5f0c1332470fdbe2336f314b07bd66cb64910910bc35621c92ff9c5a,74ff1e2c535b9b976a186eb7eb7ca024d25208cd3d425845c64e339ac93c02c0,True,190,122,556,139
24,60b65b167ea1beb7823f097ac9900e9f01e5c5fd0574bb492a10b42153b97bf7,17e3b009e38b8c46d3590f353f9f593ea42b13c0b72f66b1c163b8f101f2ce94,True,191,123,560,140
25,57f5f1b31cf6b2976fb2bce6e02c642516e39fc6835de6b031ed5ee30da32130,cf02d92bdc93238b4d3b286241158b53d37edb2d8112084f500129f3924588a3,True,191,123,560,140
26,c5a4587f6a3942fe3fbd90bd52a0e2cd82e48bd268f0f6ac6efef3b73841de7e,0ae20ea13d0c6120d430076e61a95b90de1da6c3765e278d3ac01f5e6ed98e9f,True,191,123,560,140
27,629d55f7bfd012d9907ef1bdcb01143e018afe955d00cbcccf5253ecb5daef36,0589e3b99b284f247512f8ac7470997f9a0951b7d8a2eb0e055254c287f2c9b1,True,191,123,560,140
28,b13d4f9b5e518615796273d9467e8ca8bb6f0127b50ccb2264b80a75c83955bf,8791a5d89d9972f0ae3f00a5563ecaf70f91f944dc156144ed32edf2545a7a07,True,191,123,560,140
29,e51ac4e984622672377333fb7adf00922ebb767a3c224862c1fc434e6370fe60,81e4f1b829ec18eeb0cfbabd81bf1f6ac470e70e9a594ef73d9a5ffde845287a,True,191,123,560,140
30,a3370c1302c5ea159b452f0c37c1a1f7982bd03ea83b24ae5412afa60ff343fd,a87141bd0279cae6294688ae3f2263f669af0abb6b82fcec1a56e44d9c2c2f69,True,191,123,560,140
31,52c870a7a9d6c2550989c14a1915a78fc09330309cfbda4a958bf896ea8d0203,66f2f6bae70df8ee2a825be3022004e470262d23d9c7cbe40a7bfe945e6eeb07,True,191,123,560,140
32,3d5552cd870e11332a0d13b7ab44822fe54e1598571c92fdd9c0342d8b3ac6f5,dd90b740614a0a6a3e064a19efba8ab8fe14e5aa98e175bb987f2218f47ad233,True,191,123,560,140
33,9a7fdb01b2813f880c115680734038631fcc7c01c4ade3502dcebb0cf6719fa4,eccef1839109ba82c7d90ee0ed7bbc922b893fff2aa376c43590f3ac3843a057,True,191,123,560,140
34,87aa5a3c84eae3d0394b597efede0aa1f0320d672e997f2d00b693bf77c18b61,6a1d15874d432b6c71621b83bdf1d8cb564d93bc8f7d8dbe49f8bd384f449832,True,191,123,560,140
35,0fb0973efa0b928e7276590fc14cb8d4173c0a721c0620d148a0b1d01d15d473,e913e759582e3573a0d7f533e800a1c9c05374e47ee2909ecfb75fb7d74373f1,True,191,123,560,140
36,57b8a8072f828cad164d37c2e86544505ce43c325f4b178e01ef5b72503450bc,86fc599cf3c63aba0e28ea8ac8c62fae5f5fb02ecea5e1b7aeaee73d0c841fe5,True,191,123,560,140
37,6c371e0d23f3196ad6b994c0a2c10526f82d1ebd67d0493c8a351c06a56d8873,d9f54501fb64d6f4b606f25f7b9a3a4ce117491de7c89f41ccfe484487d8169f,True,191,123,560,140
38,ee306344c3b392f8d685b614126ce49ef46d44910df5afb1f8ad4966b1278a1a,311996a04fc7cb9d9d3e7de8df6be213bd3e4cd462ca9f48607207ca4c465749,True,191,123,560,140
39,a80a037e90d77717cc7596e5fd8903f590e91c6e1c3aff65004dd39d95fbd814,676380aef1db8ea08b968213706fa0dc1df61503dd21854070c30dbf227156cd,True,5487,5419,21744,5436
40,a2328bebc74695b63e80fc19dfd24b413118f4b9cf3abac52638b8915e856993,2f8ab0568bf8bec36c78aa597d020db14dd474722c7b440fd6d38a4405e8f752,True,1961,969,4868,1217
